<?xml version="1.0" encoding="UTF-8" ?>
<document>
<!--The data in this file is primarily intended for consumption by Xilinx tools.
The structure and the elements are likely to change over the next few releases.
This means code written to parse this file will need to be revisited each subsequent release.-->
<application name="pn" timeStamp="Wed Mar 21 10:20:59 2018">
<section name="Project Information" visible="false">
<property name="ProjectID" value="22DCE573E4BA4E9AB5D2E0918EDBECA7" type="project"/>
<property name="ProjectIteration" value="18" type="project"/>
<property name="ProjectFile" value="C:/BIOSENSE/NUC_OMC_AC/Approach-Cell.5-april-synthok Added Configuration InEn-ChipScope/Approach-Cell.xise" type="project"/>
<property name="ProjectCreationTimestamp" value="2017-03-16T16:52:17" type="project"/>
</section>
<section name="Project Statistics" visible="true">
<property name="PROPEXT_MapGlobalOptimization_spartan6" value="Speed" type="process"/>
<property name="PROPEXT_xilxMapPackRegInto_spartan6" value="For Inputs and Outputs" type="process"/>
<property name="PROP_Enable_Message_Filtering" value="false" type="design"/>
<property name="PROP_FitterReportFormat" value="HTML" type="process"/>
<property name="PROP_LastAppliedGoal" value="Balanced" type="design"/>
<property name="PROP_LastAppliedStrategy" value="Xilinx Default (unlocked)" type="design"/>
<property name="PROP_ManualCompileOrderImp" value="false" type="design"/>
<property name="PROP_MapLogicOptimization_spartan6" value="true" type="process"/>
<property name="PROP_PropSpecInProjFile" value="Store all values" type="design"/>
<property name="PROP_SelectedInstanceHierarchicalPath" value="/BGF_OBT_top/B_ApproachMotherCell" type="process"/>
<property name="PROP_Simulator" value="ISim (VHDL/Verilog)" type="design"/>
<property name="PROP_SynthTopFile" value="changed" type="process"/>
<property name="PROP_Top_Level_Module_Type" value="HDL" type="design"/>
<property name="PROP_UseSmartGuide" value="false" type="design"/>
<property name="PROP_UserConstraintEditorPreference" value="Text Editor" type="process"/>
<property name="PROP_intProjectCreationTimestamp" value="2017-03-16T16:52:17" type="design"/>
<property name="PROP_intWbtProjectID" value="22DCE573E4BA4E9AB5D2E0918EDBECA7" type="design"/>
<property name="PROP_intWbtProjectIteration" value="18" type="process"/>
<property name="PROP_intWorkingDirLocWRTProjDir" value="Same" type="design"/>
<property name="PROP_intWorkingDirUsed" value="No" type="design"/>
<property name="PROP_isimLoadGlbl" value="false" type="process"/>
<property name="PROP_selectedSimRootSourceNode_behav" value="work.ApproachMotherCell" type="process"/>
<property name="PROP_selectedSimRootSourceNode_map" value="work.ObjectMotionMotherCell_tb" type="process"/>
<property name="PROP_selectedSimSourceNode" value="DUT" type="process"/>
<property name="PROP_xilxBitgStart_IntDone" value="true" type="process"/>
<property name="PROP_xilxMapAllowLogicOpt" value="true" type="process"/>
<property name="PROP_AutoTop" value="false" type="design"/>
<property name="PROP_DevFamily" value="Spartan6" type="design"/>
<property name="PROP_MapExtraEffort_spartan6" value="Normal" type="process"/>
<property name="PROP_MapRegDuplication_spartan6" value="On" type="process"/>
<property name="PROP_xilxMapEnableMultiThreading" value="2" type="process"/>
<property name="PROPEXT_xilxPARextraEffortLevel_spartan6" value="Normal" type="process"/>
<property name="PROP_DevDevice" value="xc6slx150t" type="design"/>
<property name="PROP_DevFamilyPMName" value="spartan6" type="design"/>
<property name="PROP_DevPackage" value="fgg484" type="design"/>
<property name="PROP_Synthesis_Tool" value="XST (VHDL/Verilog)" type="design"/>
<property name="PROP_parEnableMultiThreading_spartan6" value="4" type="process"/>
<property name="PROP_DevSpeed" value="-2" type="design"/>
<property name="PROP_PreferredLanguage" value="VHDL" type="design"/>
<property name="FILE_CDC" value="1" type="source"/>
<property name="FILE_UCF" value="1" type="source"/>
<property name="FILE_VHDL" value="18" type="source"/>
</section>
</application>
</document>
